Name;Didok-Nummer;geopos;lod
Aarau;8502113.0;47.3947604039, 8.05922933775;http://lod.opentransportdata.swiss/didok/8502113
Aesch;8500117.0;47.4753302502, 7.58635074597;http://lod.opentransportdata.swiss/didok/8500117
Airolo;8505201.0;46.543225806, 8.60037675339;http://lod.opentransportdata.swiss/didok/8505201
Schöfflisdorf-Oberweningen;8503317.0;47.510207243, 8.40703697703;http://lod.opentransportdata.swiss/didok/8503317
Schlattingen;8503429.0;47.661989452, 8.75478230763;http://lod.opentransportdata.swiss/didok/8503429
Schüpfheim;8508211.0;46.9483867974, 8.01247429947;http://lod.opentransportdata.swiss/didok/8508211
Rüschlikon;8503201.0;47.3056831182, 8.5480331482;http://lod.opentransportdata.swiss/didok/8503201
Rorschach;8506311.0;47.4769943127, 9.49622954985;http://lod.opentransportdata.swiss/didok/8506311
Rüthi SG;8509401.0;47.2963164389, 9.53496299191;http://lod.opentransportdata.swiss/didok/8509401
Safenwil;8502100.0;47.3210246184, 7.98796580887;http://lod.opentransportdata.swiss/didok/8502100
Satigny;8501003.0;46.2153104823, 6.03752746924;http://lod.opentransportdata.swiss/didok/8501003
Saland;8506009.0;47.3790000082, 8.89395937291;http://lod.opentransportdata.swiss/didok/8506009
Saxon;8501502.0;46.137448107, 7.1852908834;http://lod.opentransportdata.swiss/didok/8501502
St-Gingolph (Suisse);8501428.0;46.3835917721, 6.81783763351;http://lod.opentransportdata.swiss/didok/8501428
St. Gallen St. Fiden;8506303.0;47.4234963687, 9.37681682238;http://lod.opentransportdata.swiss/didok/8506303
Schwerzenbach ZH;8503127.0;47.3832938206, 8.6569776417;http://lod.opentransportdata.swiss/didok/8503127
St-Blaise CFF;8504222.0;47.0301008286, 6.98987120793;http://lod.opentransportdata.swiss/didok/8504222
Steinach;8516271.0;47.4956963226, 9.43650275988;http://lod.opentransportdata.swiss/didok/8516271
St-Imier;8504310.0;47.1530215161, 6.99031877867;http://lod.opentransportdata.swiss/didok/8504310
Sissach;8500026.0;47.4735616869, 7.80870918149;http://lod.opentransportdata.swiss/didok/8500026
Steinen;8505005.0;47.0530393352, 8.61062249434;http://lod.opentransportdata.swiss/didok/8505005
St-Prex;8501036.0;46.4867089798, 6.45000344535;http://lod.opentransportdata.swiss/didok/8501036
Sirnach;8506010.0;47.4558704202, 9.00328344463;http://lod.opentransportdata.swiss/didok/8506010
Walchwil Hörndli;8517112.0;47.1088939684, 8.52943404276;http://lod.opentransportdata.swiss/didok/8517112
Villaz-St-Pierre;8504024.0;46.7218322376, 6.96137771316;http://lod.opentransportdata.swiss/didok/8504024
Tann-Dürnten;8503139.0;47.2770762038, 8.85498143022;http://lod.opentransportdata.swiss/didok/8503139
Wädenswil;8503206.0;47.2262626965, 8.65323408129;http://lod.opentransportdata.swiss/didok/8503206
Villeret;8504309.0;47.1618676205, 7.02195563863;http://lod.opentransportdata.swiss/didok/8504309
Travers;8504215.0;46.9256417519, 6.59838751217;http://lod.opentransportdata.swiss/didok/8504215
Vouvry;8501424.0;46.3371940526, 6.8501479213;http://lod.opentransportdata.swiss/didok/8501424
Vevey;8501200.0;46.4654602162, 6.84887596917;http://lod.opentransportdata.swiss/didok/8501200
Suhr;8502103.0;47.3763661777, 8.08485958203;http://lod.opentransportdata.swiss/didok/8502103
Uzwil;8506208.0;;http://lod.opentransportdata.swiss/didok/8506208
Winterthur Wülflingen;8506043.0;47.4981247953, 8.73533711725;http://lod.opentransportdata.swiss/didok/8506043
Yverdon-Champ Pittet;8504144.0;46.7719409053, 6.63815124358;http://lod.opentransportdata.swiss/didok/8504144
Winterthur Töss;8506044.0;47.4981247953, 8.73533711725;http://lod.opentransportdata.swiss/didok/8506044
Waldibrücke;8502017.0;47.0879044211, 8.28731356998;http://lod.opentransportdata.swiss/didok/8502017
Winterthur;8506000.0;47.4981247953, 8.73533711725;http://lod.opentransportdata.swiss/didok/8506000
Zug Oberwil;8502231.0;47.1543542227, 8.51187149426;http://lod.opentransportdata.swiss/didok/8502231
Zofingen;8502001.0;47.2902125266, 7.96432315639;http://lod.opentransportdata.swiss/didok/8502001
Zäziwil;8508203.0;46.8969978711, 7.66854758895;http://lod.opentransportdata.swiss/didok/8508203
Zollikon;8503100.0;47.2586380292, 8.66459588826;http://lod.opentransportdata.swiss/didok/8503100
Zollikofen;8504410.0;;http://lod.opentransportdata.swiss/didok/8504410
Zürich Wollishofen;8503009.0;47.3827805142, 8.53249635497;http://lod.opentransportdata.swiss/didok/8503009
Zug Schutzengel;8516187.0;47.1543542227, 8.51187149426;http://lod.opentransportdata.swiss/didok/8516187
Zürich Enge;8503010.0;47.3827805142, 8.53249635497;http://lod.opentransportdata.swiss/didok/8503010
Capolago-Riva S. Vitale;8505304.0;45.8864221989, 8.96919973893;http://lod.opentransportdata.swiss/didok/8505304
Châteauneuf-Conthey;8501510.0;46.2737239151, 7.25567143802;http://lod.opentransportdata.swiss/didok/8501510
Büren an der Aare;8500221.0;47.1431001982, 7.37164055133;http://lod.opentransportdata.swiss/didok/8500221
Castione-Arbedo;8505212.0;46.2037696033, 9.08201307929;http://lod.opentransportdata.swiss/didok/8505212
Chamoson;8501504.0;46.2162977191, 7.19793152911;http://lod.opentransportdata.swiss/didok/8501504
Buchrain;8516350.0;47.0796233032, 8.33264201479;http://lod.opentransportdata.swiss/didok/8516350
Bussigny;8501117.0;46.5547089318, 6.55157908916;http://lod.opentransportdata.swiss/didok/8501117
Bülach;8503400.0;47.5294274336, 8.54180638011;http://lod.opentransportdata.swiss/didok/8503400
Busswil;8504415.0;47.0826067664, 7.3183687944;http://lod.opentransportdata.swiss/didok/8504415
Buchs SG;8509404.0;47.1633089881, 9.46490616258;http://lod.opentransportdata.swiss/didok/8509404
Gerra (Gambarogno);8505410.0;46.1237357367, 8.83341740326;http://lod.opentransportdata.swiss/didok/8505410
Genève-Aéroport;8501026.0;46.2370147819, 6.11993449984;http://lod.opentransportdata.swiss/didok/8501026
Horgen Oberdorf;8502208.0;47.2500210602, 8.58593303431;http://lod.opentransportdata.swiss/didok/8502208
Glattfelden;8503401.0;47.5294274336, 8.54180638011;http://lod.opentransportdata.swiss/didok/8503401
Grandgourt;8500143.0;47.4719077244, 7.04335744671;http://lod.opentransportdata.swiss/didok/8500143
Hettlingen;8506045.0;47.5509265667, 8.70740268824;http://lod.opentransportdata.swiss/didok/8506045
Göschenen;8505119.0;46.6652153179, 8.4998933472;http://lod.opentransportdata.swiss/didok/8505119
Hochdorf;8502024.0;47.1657574261, 8.29172354409;http://lod.opentransportdata.swiss/didok/8502024
Hauptwil;8506212.0;47.4909618394, 9.28139147129;http://lod.opentransportdata.swiss/didok/8506212
Hallwil;8502031.0;47.3278182092, 8.17899126658;http://lod.opentransportdata.swiss/didok/8502031
Biel Bözingerfeld;8518771.0;47.1505375233, 7.26202618686;http://lod.opentransportdata.swiss/didok/8518771
Bonstetten-Wettswil;8502222.0;47.3180062342, 8.46736959422;http://lod.opentransportdata.swiss/didok/8502222
Bischofszell Stadt;8506213.0;47.4970335495, 9.21705998696;http://lod.opentransportdata.swiss/didok/8506213
Bronschhofen;8506181.0;47.4757171459, 9.05175005031;http://lod.opentransportdata.swiss/didok/8506181
Birmensdorf ZH;8502221.0;47.3552707941, 8.43570995647;http://lod.opentransportdata.swiss/didok/8502221
Brugg AG;8500309.0;47.4870192757, 8.20904248809;http://lod.opentransportdata.swiss/didok/8500309
Boncourt;8500128.0;47.4893654532, 7.00847443825;http://lod.opentransportdata.swiss/didok/8500128
Bubikon;8503122.0;47.2677922617, 8.8093366564;http://lod.opentransportdata.swiss/didok/8503122
Bilten;8503224.0;47.1016776074, 9.06983670873;http://lod.opentransportdata.swiss/didok/8503224
Brunnen;8505007.0;47.003062572, 8.5970137792;http://lod.opentransportdata.swiss/didok/8505007
Emmenbrücke Gersag;8502028.0;47.0879044211, 8.28731356998;http://lod.opentransportdata.swiss/didok/8502028
Estavayer-le-Lac;8504132.0;46.86359248, 6.86017812894;http://lod.opentransportdata.swiss/didok/8504132
Embrach-Rorbas;8506041.0;47.5098787955, 8.59871444171;http://lod.opentransportdata.swiss/didok/8506041
Gelterkinden;8500027.0;47.4582802009, 7.8595219456;http://lod.opentransportdata.swiss/didok/8500027
Escholzmatt;8508210.0;46.8895415825, 7.9278008679;http://lod.opentransportdata.swiss/didok/8508210
Fräschels;8504401.0;46.9992517481, 7.2090881155;http://lod.opentransportdata.swiss/didok/8504401
Eschenz;8506138.0;47.6372317307, 8.87296115759;http://lod.opentransportdata.swiss/didok/8506138
Epesses;8501125.0;46.4522518449, 6.57884375065;http://lod.opentransportdata.swiss/didok/8501125
Ennenda;8503231.0;47.0321753852, 9.01317359471;http://lod.opentransportdata.swiss/didok/8503231
Erlen;8506107.0;47.552352479, 9.23725700646;http://lod.opentransportdata.swiss/didok/8506107
Dagmersellen;8502004.0;47.2144801613, 8.01110847221;http://lod.opentransportdata.swiss/didok/8502004
Diessenhofen;8503428.0;47.6824140141, 8.74600439853;http://lod.opentransportdata.swiss/didok/8503428
les deurres;8504231.0;47.0106288909, 6.93893723385;http://lod.opentransportdata.swiss/didok/8504231
Delémont;8500109.0;47.3764226768, 7.33382841822;http://lod.opentransportdata.swiss/didok/8500109
Däniken;8502111.0;47.3505969047, 7.97650669731;http://lod.opentransportdata.swiss/didok/8502111
Dietfurt;8506202.0;47.3619588936, 9.07999633274;http://lod.opentransportdata.swiss/didok/8506202
Dinhard;8506021.0;47.5591691113, 8.76424101248;http://lod.opentransportdata.swiss/didok/8506021
Ebikon;8502200.0;47.0796233032, 8.33264201479;http://lod.opentransportdata.swiss/didok/8502200
Eiken;8500304.0;47.5384925179, 7.99020423797;http://lod.opentransportdata.swiss/didok/8500304
Elgg;8506014.0;47.4927570851, 8.86573380801;http://lod.opentransportdata.swiss/didok/8506014
Kloten Balsberg;8503309.0;47.4315360705, 8.5730568092;http://lod.opentransportdata.swiss/didok/8503309
Kaiserstuhl AG;8503413.0;47.559707218, 8.40584915871;http://lod.opentransportdata.swiss/didok/8503413
Kreuzlingen;8506131.0;47.6411934953, 9.17396510841;http://lod.opentransportdata.swiss/didok/8506131
Hunzenschwil;8502104.0;47.3855766362, 8.1239241879;http://lod.opentransportdata.swiss/didok/8502104
Diesbach-Betschwanden;8503237.0;46.9284024802, 9.07907929418;http://lod.opentransportdata.swiss/didok/8503237
Croy-Romainmôtier;8501106.0;46.6872435983, 6.48665518625;http://lod.opentransportdata.swiss/didok/8501106
Emmenbrücke;8502021.0;47.0879044211, 8.28731356998;http://lod.opentransportdata.swiss/didok/8502021
Diepflingen;8500031.0;47.4463336318, 7.84142922687;http://lod.opentransportdata.swiss/didok/8500031
Effretikon;8503305.0;47.4311656558, 8.72474332664;http://lod.opentransportdata.swiss/didok/8503305
Eschlikon;8506011.0;47.4596588159, 8.96403724028;http://lod.opentransportdata.swiss/didok/8506011
Dübendorf;8503128.0;47.391896768, 8.61833927789;http://lod.opentransportdata.swiss/didok/8503128
Egerkingen;8500214.0;47.3273056819, 7.7973889051;http://lod.opentransportdata.swiss/didok/8500214
Cugy FR;8504133.0;46.810296348, 6.88743943115;http://lod.opentransportdata.swiss/didok/8504133
Eglisau;8503402.0;47.574744381, 8.5272082105;http://lod.opentransportdata.swiss/didok/8503402
Lamone-Cadempino;8505219.0;46.046535055, 8.93286730305;http://lod.opentransportdata.swiss/didok/8505219
Lancy-Pont-Rouge;8516155.0;46.1861356041, 6.12035376241;http://lod.opentransportdata.swiss/didok/8516155
Langenthal;8508100.0;47.2157021108, 7.80374998863;http://lod.opentransportdata.swiss/didok/8508100
Küsnacht ZH;8503101.0;47.3210590396, 8.61330545257;http://lod.opentransportdata.swiss/didok/8503101
Laufenburg;8500322.0;47.543014739, 8.09124965244;http://lod.opentransportdata.swiss/didok/8500322
Kölliken;8502101.0;47.3349464028, 8.02198254078;http://lod.opentransportdata.swiss/didok/8502101
Kallnach;8504402.0;47.0142014529, 7.22075511783;http://lod.opentransportdata.swiss/didok/8504402
Lavorgo;8505205.0;46.4501173801, 8.81812612448;http://lod.opentransportdata.swiss/didok/8505205
Langnau;8508207.0;46.9572729601, 7.81064863402;http://lod.opentransportdata.swiss/didok/8508207
Kiesen;8507008.0;46.8139612689, 7.58092137659;http://lod.opentransportdata.swiss/didok/8507008
Gorgier-St-Aubin;8504205.0;46.9083532571, 6.75530849678;http://lod.opentransportdata.swiss/didok/8504205
Guntershausen;8506012.0;47.4945274405, 8.91136492557;http://lod.opentransportdata.swiss/didok/8506012
Grenchen Süd;8500202.0;47.1985733083, 7.38854357839;http://lod.opentransportdata.swiss/didok/8500202
Hägendorf;8500215.0;47.346732518, 7.82556767998;http://lod.opentransportdata.swiss/didok/8500215
Glovelier;8500123.0;47.3198431124, 7.24313447644;http://lod.opentransportdata.swiss/didok/8500123
La Heutte;8504303.0;47.1969872553, 7.24882537292;http://lod.opentransportdata.swiss/didok/8504303
Gümligen;8507003.0;46.9336969993, 7.50101333722;http://lod.opentransportdata.swiss/didok/8507003
Henggart;8506046.0;47.5638451781, 8.68486432256;http://lod.opentransportdata.swiss/didok/8506046
Itingen;8500025.0;47.4661985009, 7.78579886357;http://lod.opentransportdata.swiss/didok/8500025
Horgen;8503204.0;47.2500210602, 8.58593303431;http://lod.opentransportdata.swiss/didok/8503204
Fribourg/Freiburg Poya;8519133.0;46.8054534632, 7.16061182849;http://lod.opentransportdata.swiss/didok/8519133
Les Evouettes;8501425.0;46.3700118758, 6.85897166691;http://lod.opentransportdata.swiss/didok/8501425
Fischenthal;8503136.0;47.3379908168, 8.94245229382;http://lod.opentransportdata.swiss/didok/8503136
Fehraltorf;8503302.0;47.3886491743, 8.75111470392;http://lod.opentransportdata.swiss/didok/8503302
Flüelen;8505112.0;46.9155732579, 8.64046745571;http://lod.opentransportdata.swiss/didok/8505112
Evionnaz;8501404.0;46.1494044622, 6.94913750354;http://lod.opentransportdata.swiss/didok/8501404
Gibswil;8503137.0;47.3379908168, 8.94245229382;http://lod.opentransportdata.swiss/didok/8503137
Flawil;8506209.0;47.4066955047, 9.19898135734;http://lod.opentransportdata.swiss/didok/8506209
Glarus;8503230.0;47.0321753852, 9.01317359471;http://lod.opentransportdata.swiss/didok/8503230
Etoy;8501042.0;46.4854242945, 6.42253607894;http://lod.opentransportdata.swiss/didok/8501042
Lugano-Paradiso;8505301.0;45.9901908761, 8.95630702464;http://lod.opentransportdata.swiss/didok/8505301
Leuggelbach;8503235.0;46.9284024802, 9.07907929418;http://lod.opentransportdata.swiss/didok/8503235
Lengnau;8500201.0;47.1833445244, 7.36682235891;http://lod.opentransportdata.swiss/didok/8500201
Martigny;8501500.0;46.1084253874, 7.08192414842;http://lod.opentransportdata.swiss/didok/8501500
Lyssach;8508004.0;47.0680201574, 7.57960693512;http://lod.opentransportdata.swiss/didok/8508004
Lupfig;8502237.0;47.4450731343, 8.20862623678;http://lod.opentransportdata.swiss/didok/8502237
Luzern;8505000.0;47.0562397859, 8.29182679396;http://lod.opentransportdata.swiss/didok/8505000
Lugano;8505300.0;46.0350366617, 9.00076819935;http://lod.opentransportdata.swiss/didok/8505300
Lottstetten;8503420.0;;http://lod.opentransportdata.swiss/didok/8503420
Lutry;8501122.0;;http://lod.opentransportdata.swiss/didok/8501122
Pfäffikon ZH;8503301.0;47.367786216, 8.79490964365;http://lod.opentransportdata.swiss/didok/8503301
Pont-Céard;8501013.0;46.2891576759, 6.15715347601;http://lod.opentransportdata.swiss/didok/8501013
Palézieux;8504014.0;46.5599590996, 6.83301277824;http://lod.opentransportdata.swiss/didok/8504014
Pieterlen;8500200.0;47.175220971, 7.32896517428;http://lod.opentransportdata.swiss/didok/8500200
Pully;8501121.0;46.5227224676, 6.67033758;http://lod.opentransportdata.swiss/didok/8501121
Nidfurn-Haslen;8503234.0;46.9284024802, 9.07907929418;http://lod.opentransportdata.swiss/didok/8503234
Oberbuchsiten;8500213.0;47.3135492373, 7.76089513848;http://lod.opentransportdata.swiss/didok/8500213
Olten Hammer;8500217.0;47.3462406235, 7.90120042243;http://lod.opentransportdata.swiss/didok/8500217
Neuchâtel;8504221.0;47.0106288909, 6.93893723385;http://lod.opentransportdata.swiss/didok/8504221
Niederglatt;8503313.0;47.4944808501, 8.4998945526;http://lod.opentransportdata.swiss/didok/8503313
Oberglatt;8503312.0;47.4798239176, 8.52516229245;http://lod.opentransportdata.swiss/didok/8503312
Muri AG;8502215.0;47.2726373842, 8.34063126126;http://lod.opentransportdata.swiss/didok/8502215
Netstal;8503228.0;47.0321753852, 9.01317359471;http://lod.opentransportdata.swiss/didok/8503228
Opfikon;8503340.0;47.4315360705, 8.5730568092;http://lod.opentransportdata.swiss/didok/8503340
Nyon;8501030.0;46.3875952832, 6.22714546739;http://lod.opentransportdata.swiss/didok/8501030
Mellingen Heitersberg;8516219.0;47.4224764998, 8.27525176187;http://lod.opentransportdata.swiss/didok/8516219
Müllheim-Wigoltingen;8506103.0;47.6042055621, 9.00489778992;http://lod.opentransportdata.swiss/didok/8506103
Münchenstein;8500119.0;47.5199398502, 7.61837047458;http://lod.opentransportdata.swiss/didok/8500119
Meggen Zentrum;8505018.0;47.0462343068, 8.37544923629;http://lod.opentransportdata.swiss/didok/8505018
Massongex;8501420.0;46.2357651943, 6.98340292607;http://lod.opentransportdata.swiss/didok/8501420
Märwil;8506184.0;47.5338316835, 9.04674026077;http://lod.opentransportdata.swiss/didok/8506184
Mels;8509412.0;47.0020738677, 9.33873226705;http://lod.opentransportdata.swiss/didok/8509412
Murg;8509417.0;47.0913830538, 9.22417331506;http://lod.opentransportdata.swiss/didok/8509417
Mies;8501014.0;46.3052374679, 6.16150480674;http://lod.opentransportdata.swiss/didok/8501014
Möhlin;8500302.0;;http://lod.opentransportdata.swiss/didok/8500302
Bern Bümpliz Süd;8504106.0;46.9489028306, 7.40730463004;http://lod.opentransportdata.swiss/didok/8504106
Boswil-Bünzen;8502214.0;47.2989745446, 8.30967979782;http://lod.opentransportdata.swiss/didok/8502214
Bretonnières;8501105.0;46.7172426549, 6.47118311693;http://lod.opentransportdata.swiss/didok/8501105
Brügg BE;8504416.0;47.1295141335, 7.27895553246;http://lod.opentransportdata.swiss/didok/8504416
Blumenau;8503113.0;47.2300252153, 8.85584994139;http://lod.opentransportdata.swiss/didok/8503113
Bodio TI;8505207.0;46.3475552818, 8.89515818232;http://lod.opentransportdata.swiss/didok/8505207
Bôle;8504218.0;46.9721939073, 6.85719222157;http://lod.opentransportdata.swiss/didok/8504218
Bowil;8508204.0;46.8904735539, 7.70222011229;http://lod.opentransportdata.swiss/didok/8508204
Birr;8502247.0;47.4335168247, 8.21321897985;http://lod.opentransportdata.swiss/didok/8502247
Bern;8507000.0;46.9489028306, 7.40730463004;http://lod.opentransportdata.swiss/didok/8507000
Courtemaîche;8500127.0;47.4719077244, 7.04335744671;http://lod.opentransportdata.swiss/didok/8500127
Châtillens;8504017.0;46.5599590996, 6.83301277824;http://lod.opentransportdata.swiss/didok/8504017
Courtelary;8504307.0;47.1777922587, 7.07354641395;http://lod.opentransportdata.swiss/didok/8504307
Chambésy;8501020.0;46.2387089332, 6.15157918495;http://lod.opentransportdata.swiss/didok/8501020
Chavornay;8501112.0;46.7101031607, 6.58149706517;http://lod.opentransportdata.swiss/didok/8501112
Cousset;8504136.0;46.8072425765, 6.98643816273;http://lod.opentransportdata.swiss/didok/8504136
Cornaux;8504223.0;47.0344151713, 7.01838912566;http://lod.opentransportdata.swiss/didok/8504223
Cham;8502203.0;47.2006432766, 8.44952483663;http://lod.opentransportdata.swiss/didok/8502203
Court;8500104.0;47.2411060102, 7.3601473818;http://lod.opentransportdata.swiss/didok/8500104
Chambrelien;8504234.0;;http://lod.opentransportdata.swiss/didok/8504234
Rheinfelden Augarten;8500313.0;47.5572761336, 7.80560413394;http://lod.opentransportdata.swiss/didok/8500313
Rheinfelden;8500301.0;47.5572761336, 7.80560413394;http://lod.opentransportdata.swiss/didok/8500301
Reutlingen;8506036.0;47.4981247953, 8.73533711725;http://lod.opentransportdata.swiss/didok/8506036
Rapperswil;8503110.0;47.2300252153, 8.85584994139;http://lod.opentransportdata.swiss/didok/8503110
Salez-Sennwald;8509402.0;47.2452414708, 9.4780868083;http://lod.opentransportdata.swiss/didok/8509402
Montmollin-Montezillon;8504235.0;46.9830514029, 6.79659857466;http://lod.opentransportdata.swiss/didok/8504235
Mannenbach-Salenstein;8506134.0;47.6608088697, 9.05856941002;http://lod.opentransportdata.swiss/didok/8506134
Mettmenstetten;8502225.0;47.249152991, 8.46506983381;http://lod.opentransportdata.swiss/didok/8502225
Merlischachen;8505011.0;47.0837705765, 8.45108949531;http://lod.opentransportdata.swiss/didok/8505011
Märstetten;8506104.0;47.5901904561, 9.07863006327;http://lod.opentransportdata.swiss/didok/8506104
Mägenwil;8502106.0;47.4135564086, 8.23479888927;http://lod.opentransportdata.swiss/didok/8502106
Marthalen;8506048.0;47.6195855478, 8.63935315134;http://lod.opentransportdata.swiss/didok/8506048
Mezzovico;8505217.0;46.098089892, 8.91257871229;http://lod.opentransportdata.swiss/didok/8505217
Mellikon;8503414.0;47.5647370699, 8.34820865961;http://lod.opentransportdata.swiss/didok/8503414
Melide;8505302.0;45.9575432762, 8.95000956104;http://lod.opentransportdata.swiss/didok/8505302
Hüttlingen-Mettendorf;8506102.0;47.5781976647, 8.98571595685;http://lod.opentransportdata.swiss/didok/8506102
Herzogenbuchsee;8508008.0;47.1897422556, 7.70719592796;http://lod.opentransportdata.swiss/didok/8508008
Hochdorf Schönau;8502042.0;47.1657574261, 8.29172354409;http://lod.opentransportdata.swiss/didok/8502042
Hendschiken;8502211.0;47.3858642451, 8.21692003014;http://lod.opentransportdata.swiss/didok/8502211
Heerbrugg;8506317.0;47.4276454168, 9.63818879646;http://lod.opentransportdata.swiss/didok/8506317
Immensee;8505003.0;47.0837705765, 8.45108949531;http://lod.opentransportdata.swiss/didok/8505003
Henniez;8504141.0;46.7439219351, 6.88568878543;http://lod.opentransportdata.swiss/didok/8504141
Kloten;8503308.0;47.4593949887, 8.58640476384;http://lod.opentransportdata.swiss/didok/8503308
Hinwil;8503130.0;47.3028308489, 8.85394053634;http://lod.opentransportdata.swiss/didok/8503130
Horn;8506307.0;47.4942122393, 9.46220373672;http://lod.opentransportdata.swiss/didok/8506307
Kreuzlingen Bernrain;8506197.0;47.6411934953, 9.17396510841;http://lod.opentransportdata.swiss/didok/8506197
Kreuzlingen Hafen;8506128.0;47.6411934953, 9.17396510841;http://lod.opentransportdata.swiss/didok/8506128
Luterbach-Attisholz;8500208.0;47.2173386066, 7.58773180785;http://lod.opentransportdata.swiss/didok/8500208
Luzern Verkehrshaus;8517336.0;47.0562397859, 8.29182679396;http://lod.opentransportdata.swiss/didok/8517336
Küssnacht am Rigi;8505002.0;47.0837705765, 8.45108949531;http://lod.opentransportdata.swiss/didok/8505002
Küngoldingen;8502120.0;47.3147414261, 7.94000510238;http://lod.opentransportdata.swiss/didok/8502120
Landquart;8509002.0;46.9585742911, 9.58218330193;http://lod.opentransportdata.swiss/didok/8509002
Knonau;8502226.0;47.2258046216, 8.46372554232;http://lod.opentransportdata.swiss/didok/8502226
Leuk;8501601.0;46.3059622303, 7.64646689189;http://lod.opentransportdata.swiss/didok/8501601
Lyss;8504414.0;47.0826067664, 7.3183687944;http://lod.opentransportdata.swiss/didok/8504414
Baar Lindenpark;8515993.0;47.1543542227, 8.51187149426;http://lod.opentransportdata.swiss/didok/8515993
Auvernier;8504219.0;46.9721939073, 6.85719222157;http://lod.opentransportdata.swiss/didok/8504219
Ballwil;8502023.0;47.1478609767, 8.33824092535;http://lod.opentransportdata.swiss/didok/8502023
Basel SBB;8500010.0;47.5591452444, 7.59458004936;http://lod.opentransportdata.swiss/didok/8500010
Bavois;8501113.0;46.681087533, 6.56732642975;http://lod.opentransportdata.swiss/didok/8501113
Bauma;8503134.0;47.3790000082, 8.89395937291;http://lod.opentransportdata.swiss/didok/8503134
Baden;8503504.0;47.4680908076, 8.29194539636;http://lod.opentransportdata.swiss/didok/8503504
Bäch;8503208.0;47.18976565, 8.70371190767;http://lod.opentransportdata.swiss/didok/8503208
Au ZH;8503205.0;47.2262626965, 8.65323408129;http://lod.opentransportdata.swiss/didok/8503205
Au SG;8506316.0;47.4276454168, 9.63818879646;http://lod.opentransportdata.swiss/didok/8506316
Muntelier-Löwenberg;8504140.0;46.9277903806, 7.14793832026;http://lod.opentransportdata.swiss/didok/8504140
Nieder- und Oberurnen;8503226.0;47.1016776074, 9.06983670873;http://lod.opentransportdata.swiss/didok/8503226
Nänikon-Greifensee;8503126.0;47.3545411364, 8.72273220924;http://lod.opentransportdata.swiss/didok/8503126
Näfels-Mollis;8503227.0;47.1016776074, 9.06983670873;http://lod.opentransportdata.swiss/didok/8503227
Niederhasli;8503314.0;47.4701942617, 8.49144444741;http://lod.opentransportdata.swiss/didok/8503314
Niederbipp;8500211.0;47.2675581305, 7.70474211828;http://lod.opentransportdata.swiss/didok/8500211
Mühlau;8502217.0;47.2360452693, 8.38997771711;http://lod.opentransportdata.swiss/didok/8502217
Moutier;8500105.0;47.2787563774, 7.36262446815;http://lod.opentransportdata.swiss/didok/8500105
Moudon;8504120.0;46.6733614518, 6.79181005795;http://lod.opentransportdata.swiss/didok/8504120
Montreux;8501300.0;;http://lod.opentransportdata.swiss/didok/8501300
Oberrieden Dorf;8502209.0;47.2738944957, 8.57269332011;http://lod.opentransportdata.swiss/didok/8502209
Niederweningen;8503319.0;47.504284451, 8.37615483266;http://lod.opentransportdata.swiss/didok/8503319
Ostermundigen;8507002.0;46.957205465, 7.49649237505;http://lod.opentransportdata.swiss/didok/8507002
Niederwangen;8504105.0;46.9056189406, 7.39874399407;http://lod.opentransportdata.swiss/didok/8504105
Oberrieden;8503203.0;47.2738944957, 8.57269332011;http://lod.opentransportdata.swiss/didok/8503203
Noiraigue;8504216.0;46.9256417519, 6.59838751217;http://lod.opentransportdata.swiss/didok/8504216
Oensingen;8500212.0;47.2893068803, 7.72365237132;http://lod.opentransportdata.swiss/didok/8500212
Oberrüti;8502219.0;47.1682671361, 8.39970904008;http://lod.opentransportdata.swiss/didok/8502219
Nottwil;8502008.0;47.1322197223, 8.14188270105;http://lod.opentransportdata.swiss/didok/8502008
Oppikon;8506185.0;47.5418828939, 9.09788007483;http://lod.opentransportdata.swiss/didok/8506185
Schaffhausen;8503424.0;47.722778094, 8.62587833047;http://lod.opentransportdata.swiss/didok/8503424
La Sarraz;8501108.0;46.6557932405, 6.50562449376;http://lod.opentransportdata.swiss/didok/8501108
Rüti GL;8503238.0;46.9284024802, 9.07907929418;http://lod.opentransportdata.swiss/didok/8503238
Sargans;8509411.0;47.0568992201, 9.4501110309;http://lod.opentransportdata.swiss/didok/8509411
Les Geneveys-sur-Coffrane;8504236.0;47.0603310326, 6.91396203545;http://lod.opentransportdata.swiss/didok/8504236
Glanzenberg;8503512.0;47.4033744108, 8.39933086639;http://lod.opentransportdata.swiss/didok/8503512
Güttingen;8506124.0;47.597948311, 9.28773405596;http://lod.opentransportdata.swiss/didok/8506124
Gisikon-Root;8502201.0;47.1126370619, 8.38963320804;http://lod.opentransportdata.swiss/didok/8502201
Genève;8501008.0;46.2083180994, 6.14449245312;http://lod.opentransportdata.swiss/didok/8501008
Hedingen;8502223.0;47.302833555, 8.45206118427;http://lod.opentransportdata.swiss/didok/8502223
Goldach;8506305.0;47.4750027066, 9.46918501107;http://lod.opentransportdata.swiss/didok/8506305
Gossau SG;8506210.0;47.4223675637, 9.25488683135;http://lod.opentransportdata.swiss/didok/8506210
Hasle LU;8508212.0;46.9517407268, 8.07737482032;http://lod.opentransportdata.swiss/didok/8508212
Gland;8501031.0;46.4210019383, 6.27382328158;http://lod.opentransportdata.swiss/didok/8501031
Frinvillier-Taubenloch;8504301.0;47.1885461032, 7.28860695911;http://lod.opentransportdata.swiss/didok/8504301
Felben-Wellhausen;8506101.0;47.5774143731, 8.94142665168;http://lod.opentransportdata.swiss/didok/8506101
Feuerthalen;8503425.0;47.6871564948, 8.65282927166;http://lod.opentransportdata.swiss/didok/8503425
Eclépens;8501114.0;46.6527684561, 6.54373595358;http://lod.opentransportdata.swiss/didok/8501114
Frauenfeld;8506100.0;47.559409063, 8.89757810316;http://lod.opentransportdata.swiss/didok/8506100
Ermensee;8502019.0;47.2267816005, 8.23550799997;http://lod.opentransportdata.swiss/didok/8502019
Etzwilen;8506025.0;47.6594475569, 8.82832436059;http://lod.opentransportdata.swiss/didok/8506025
Feldbach;8503109.0;47.2540594278, 8.76979488463;http://lod.opentransportdata.swiss/didok/8503109
Erstfeld;8505114.0;46.8136384053, 8.60051841905;http://lod.opentransportdata.swiss/didok/8505114
Egnach;8506309.0;47.5302990362, 9.36655115139;http://lod.opentransportdata.swiss/didok/8506309
Courtételle;8500120.0;47.3323716572, 7.31857355132;http://lod.opentransportdata.swiss/didok/8500120
Cortébert;8504306.0;47.1770737391, 7.11202732907;http://lod.opentransportdata.swiss/didok/8504306
Courgenay;8500125.0;47.3943271284, 7.12273857374;http://lod.opentransportdata.swiss/didok/8500125
Dielsdorf;8503315.0;47.4778390241, 8.45555199487;http://lod.opentransportdata.swiss/didok/8503315
Dietlikon;8503306.0;47.4253328385, 8.61644508791;http://lod.opentransportdata.swiss/didok/8503306
Dompierre;8504124.0;46.8499305214, 7.01506969048;http://lod.opentransportdata.swiss/didok/8504124
Duggingen;8500116.0;47.4526344071, 7.61054908509;http://lod.opentransportdata.swiss/didok/8500116
Düdingen;8504101.0;46.8460428638, 7.19198335829;http://lod.opentransportdata.swiss/didok/8504101
Cressier NE;8504224.0;47.0526750819, 7.02754360025;http://lod.opentransportdata.swiss/didok/8504224
Deitingen;8500209.0;47.2193092758, 7.6216903614;http://lod.opentransportdata.swiss/didok/8500209
Chaux-de-Fonds, La;8504314.0;47.1115126997, 6.83428620291;http://lod.opentransportdata.swiss/didok/8504314
Buchs-Dällikon;8503527.0;47.4601772382, 8.43841930412;http://lod.opentransportdata.swiss/didok/8503527
Corcelles-Nord;8504123.0;46.8436948605, 6.96808327404;http://lod.opentransportdata.swiss/didok/8504123
Corcelles-Sud;8504135.0;46.8436948605, 6.96808327404;http://lod.opentransportdata.swiss/didok/8504135
Bütschwil;8506203.0;47.3619588936, 9.07999633274;http://lod.opentransportdata.swiss/didok/8506203
Bussnang;8506190.0;47.5418828939, 9.09788007483;http://lod.opentransportdata.swiss/didok/8506190
Aarberg;8504404.0;47.047444284, 7.28383883857;http://lod.opentransportdata.swiss/didok/8504404
Aadorf;8506013.0;47.4945274405, 8.91136492557;http://lod.opentransportdata.swiss/didok/8506013
Siggenthal-Würenlingen;8503502.0;47.5081054244, 8.25757453805;http://lod.opentransportdata.swiss/didok/8503502
Steinhausen Rigiblick;8518459.0;47.1998996751, 8.48829366677;http://lod.opentransportdata.swiss/didok/8518459
Sempach-Neuenkirch;8502009.0;47.1053234787, 8.20326327528;http://lod.opentransportdata.swiss/didok/8502009
Stein am Rhein;8506139.0;47.6675223495, 8.85938120995;http://lod.opentransportdata.swiss/didok/8506139
Solothurn West;8500206.0;47.2096905323, 7.53101749712;http://lod.opentransportdata.swiss/didok/8500206
Sonvilier;8504311.0;47.1435644649, 6.95314102585;http://lod.opentransportdata.swiss/didok/8504311
Selzach;8500204.0;47.2186136617, 7.44936806763;http://lod.opentransportdata.swiss/didok/8500204
Staad;8506312.0;47.4798872142, 9.55810969446;http://lod.opentransportdata.swiss/didok/8506312
Sion;8501506.0;46.2241745496, 7.36581835844;http://lod.opentransportdata.swiss/didok/8501506
Dornach-Arlesheim;8500118.0;47.4779669637, 7.62527130954;http://lod.opentransportdata.swiss/didok/8500118
Charrat-Fully;8501501.0;46.1225747534, 7.13782171131;http://lod.opentransportdata.swiss/didok/8501501
Freienbach SBB;8503210.0;47.2025642434, 8.77428123325;http://lod.opentransportdata.swiss/didok/8503210
Ermatingen;8506133.0;47.6575201556, 9.09299563233;http://lod.opentransportdata.swiss/didok/8506133
Ecublens-Rue;8504018.0;46.6166389294, 6.80788760154;http://lod.opentransportdata.swiss/didok/8504018
Dulliken;8502110.0;47.3461462411, 7.94726067778;http://lod.opentransportdata.swiss/didok/8502110
Ependes;8501110.0;46.7461126483, 6.60350670971;http://lod.opentransportdata.swiss/didok/8501110
Flamatt;8504103.0;46.87077747, 7.32733412941;http://lod.opentransportdata.swiss/didok/8504103
Flums;8509413.0;47.0610698817, 9.29828808055;http://lod.opentransportdata.swiss/didok/8509413
Faoug;8504127.0;46.903859854, 7.07519317054;http://lod.opentransportdata.swiss/didok/8504127
Killwangen-Spreitenbach;8503506.0;47.4293537717, 8.34536396922;http://lod.opentransportdata.swiss/didok/8503506
Landschlacht;8588122.0;47.6268327234, 9.23681841416;http://lod.opentransportdata.swiss/didok/8588122
Koblenz Dorf;8503411.0;47.6057814303, 8.24584097299;http://lod.opentransportdata.swiss/didok/8503411
Konolfingen;8508202.0;46.8878982381, 7.60910009923;http://lod.opentransportdata.swiss/didok/8508202
Kilchberg;8503200.0;47.3231695927, 8.54450003124;http://lod.opentransportdata.swiss/didok/8503200
Lausanne;8501120.0;46.550825219, 6.65848965519;http://lod.opentransportdata.swiss/didok/8501120
Kollbrunn;8506004.0;47.45226946, 8.81000523736;http://lod.opentransportdata.swiss/didok/8506004
Lengwil;8506196.0;47.6140141784, 9.20174069446;http://lod.opentransportdata.swiss/didok/8506196
Lachen;8503220.0;47.1985300939, 8.85529201972;http://lod.opentransportdata.swiss/didok/8503220
Laufen;8500113.0;47.4115067019, 7.49111786452;http://lod.opentransportdata.swiss/didok/8500113
Hünenberg Chämleten;8502306.0;47.1923249132, 8.42121643987;http://lod.opentransportdata.swiss/didok/8502306
Holderbank AG;8502128.0;47.4323105785, 8.17173337136;http://lod.opentransportdata.swiss/didok/8502128
Hüntwangen-Wil;8503403.0;47.574744381, 8.5272082105;http://lod.opentransportdata.swiss/didok/8503403
Hitzkirch;8502027.0;47.2237027147, 8.27599750186;http://lod.opentransportdata.swiss/didok/8502027
Kemptthal;8503304.0;47.4455023634, 8.6835020757;http://lod.opentransportdata.swiss/didok/8503304
Islikon;8506019.0;47.5493685671, 8.85520566412;http://lod.opentransportdata.swiss/didok/8506019
Kehlhof;8506193.0;47.5809109986, 9.17088320695;http://lod.opentransportdata.swiss/didok/8506193
Kerzers;8504400.0;46.9825251581, 7.19964088928;http://lod.opentransportdata.swiss/didok/8504400
Kesswil;8506123.0;47.5889870367, 9.31425960301;http://lod.opentransportdata.swiss/didok/8506123
Illnau;8503303.0;47.4311656558, 8.72474332664;http://lod.opentransportdata.swiss/didok/8503303
Frenkendorf-Füllinsdorf;8500022.0;47.5023675725, 7.69804836124;http://lod.opentransportdata.swiss/didok/8500022
Herrliberg-Feldmeilen;8503103.0;47.2586380292, 8.66459588826;http://lod.opentransportdata.swiss/didok/8503103
Fribourg/Freiburg;8504100.0;46.8054534632, 7.16061182849;http://lod.opentransportdata.swiss/didok/8504100
Genthod-Bellevue;8501021.0;46.255912079, 6.14603212348;http://lod.opentransportdata.swiss/didok/8501021
Genève-Sécheron;8516283.0;46.2083180994, 6.14449245312;http://lod.opentransportdata.swiss/didok/8516283
Gelfingen;8502026.0;47.2237027147, 8.27599750186;http://lod.opentransportdata.swiss/didok/8502026
Grolley;8504138.0;46.8360135946, 7.06675592765;http://lod.opentransportdata.swiss/didok/8504138
Galmiz;8504129.0;46.9592423867, 7.14528842849;http://lod.opentransportdata.swiss/didok/8504129
Gampel-Steg;8501603.0;;http://lod.opentransportdata.swiss/didok/8501603
Grandson;8504201.0;;http://lod.opentransportdata.swiss/didok/8504201
Corcelles-Peseux;8504232.0;46.9721939073, 6.85719222157;http://lod.opentransportdata.swiss/didok/8504232
Courfaivre;8500121.0;47.3198431124, 7.24313447644;http://lod.opentransportdata.swiss/didok/8500121
Domdidier;8504125.0;46.8499305214, 7.01506969048;http://lod.opentransportdata.swiss/didok/8504125
Dotzigen;8500220.0;47.1273978764, 7.34964798991;http://lod.opentransportdata.swiss/didok/8500220
Bürglen;8506106.0;47.5521705894, 9.16115827771;http://lod.opentransportdata.swiss/didok/8506106
Cormoret;8504308.0;47.1660796884, 7.04783042498;http://lod.opentransportdata.swiss/didok/8504308
Cheyres;8504131.0;46.8265595373, 6.78631645624;http://lod.opentransportdata.swiss/didok/8504131
Cottens;8504026.0;46.7544960998, 7.03710116404;http://lod.opentransportdata.swiss/didok/8504026
Champ-du-Moulin;8504217.0;;http://lod.opentransportdata.swiss/didok/8504217
Burier;8501202.0;;http://lod.opentransportdata.swiss/didok/8501202
Pratteln Salina Raurica;8517131.0;47.5198794834, 7.6937147722;http://lod.opentransportdata.swiss/didok/8517131
Pfäffikon SZ;8503209.0;47.2025642434, 8.77428123325;http://lod.opentransportdata.swiss/didok/8503209
Porrentruy;8500126.0;47.4226757846, 7.07189221853;http://lod.opentransportdata.swiss/didok/8500126
la Plaine;8501001.0;46.1997320183, 5.98979689642;http://lod.opentransportdata.swiss/didok/8501001
Pully-Nord;8504000.0;46.5227224676, 6.67033758;http://lod.opentransportdata.swiss/didok/8504000
Bronschhofen AMP;8506188.0;47.4757171459, 9.05175005031;http://lod.opentransportdata.swiss/didok/8506188
Basel St. Johann;8500016.0;47.5591452444, 7.59458004936;http://lod.opentransportdata.swiss/didok/8500016
Beinwil am See;8502034.0;47.267844351, 8.20966946172;http://lod.opentransportdata.swiss/didok/8502034
Bellinzona;8505213.0;46.2011150625, 9.02374679599;http://lod.opentransportdata.swiss/didok/8505213
Ambri-Piotta;8505202.0;46.5294255203, 8.71287271606;http://lod.opentransportdata.swiss/didok/8505202
Bettwiesen;8506182.0;47.499042393, 9.01990179187;http://lod.opentransportdata.swiss/didok/8506182
Avenches;8504126.0;46.8823871188, 7.04105374826;http://lod.opentransportdata.swiss/didok/8504126
Arnegg;8506211.0;47.4223675637, 9.25488683135;http://lod.opentransportdata.swiss/didok/8506211
Biasca;8505209.0;46.3677015333, 9.02385927718;http://lod.opentransportdata.swiss/didok/8505209
Ardon;8501505.0;46.2312046583, 7.23886511321;http://lod.opentransportdata.swiss/didok/8501505
Neuchâtel-Serrières;8504220.0;47.0106288909, 6.93893723385;http://lod.opentransportdata.swiss/didok/8504220
Niederweningen Dorf;8503318.0;47.504284451, 8.37615483266;http://lod.opentransportdata.swiss/didok/8503318
Neuhausen Rheinfall;8518924.0;47.68062758, 8.60056586111;http://lod.opentransportdata.swiss/didok/8518924
Oberwangen;8504117.0;46.9056189406, 7.39874399407;http://lod.opentransportdata.swiss/didok/8504117
Oberkirch;8502011.0;47.1562407366, 8.10800420369;http://lod.opentransportdata.swiss/didok/8502011
Neuenhof;8503511.0;47.4454647925, 8.32622789667;http://lod.opentransportdata.swiss/didok/8503511
Neuhausen;8503423.0;47.68062758, 8.60056586111;http://lod.opentransportdata.swiss/didok/8503423
Payerne;8504134.0;46.820431655, 6.9356136464;http://lod.opentransportdata.swiss/didok/8504134
Neyruz;8504027.0;46.769270229, 7.0657899522;http://lod.opentransportdata.swiss/didok/8504027
Oron;8504020.0;46.5599590996, 6.83301277824;http://lod.opentransportdata.swiss/didok/8504020
Münsterlingen Spital;8506143.0;47.6268327234, 9.23681841416;http://lod.opentransportdata.swiss/didok/8506143
Münchenbuchsee;8504411.0;47.0194605511, 7.44952215733;http://lod.opentransportdata.swiss/didok/8504411
Lütisburg;8506204.0;47.3619588936, 9.07999633274;http://lod.opentransportdata.swiss/didok/8506204
Lyss Grien;8518749.0;47.0826067664, 7.3183687944;http://lod.opentransportdata.swiss/didok/8518749
Ligerz;8504227.0;47.0776201419, 7.15861612938;http://lod.opentransportdata.swiss/didok/8504227
Lucens;8504121.0;46.7161333554, 6.83262736387;http://lod.opentransportdata.swiss/didok/8504121
Meyrin;8501006.0;46.2119780617, 6.09537645209;http://lod.opentransportdata.swiss/didok/8501006
Männedorf;8503106.0;;http://lod.opentransportdata.swiss/didok/8503106
Locarno;8505400.0;;http://lod.opentransportdata.swiss/didok/8505400
Meilen;8503104.0;;http://lod.opentransportdata.swiss/didok/8503104
Räterschen;8506015.0;47.5039622463, 8.80910350218;http://lod.opentransportdata.swiss/didok/8506015
Rekingen AG;8503408.0;47.5684236191, 8.32272907108;http://lod.opentransportdata.swiss/didok/8503408
Roche VD;8501304.0;46.3610377727, 6.92608352511;http://lod.opentransportdata.swiss/didok/8501304
Reiden;8502003.0;47.2339754699, 7.9636309061;http://lod.opentransportdata.swiss/didok/8502003
Dottikon-Dintikon;8502212.0;47.349450247, 8.24273769265;http://lod.opentransportdata.swiss/didok/8502212
Denges-Echandens;8501045.0;46.5246405289, 6.5398274079;http://lod.opentransportdata.swiss/didok/8501045
Essert-Pittet;8501111.0;46.7101031607, 6.58149706517;http://lod.opentransportdata.swiss/didok/8501111
Eschenbach;8502022.0;47.1267576792, 8.31321815122;http://lod.opentransportdata.swiss/didok/8502022
Döttingen;8503501.0;47.5613573361, 8.25408674707;http://lod.opentransportdata.swiss/didok/8503501
Erlenbach ZH;8503102.0;47.3060119897, 8.60828174332;http://lod.opentransportdata.swiss/didok/8503102
Emmenmatt;8508206.0;46.9623152774, 7.74894807348;http://lod.opentransportdata.swiss/didok/8508206
Entlebuch;8508213.0;46.977471855, 8.10992680806;http://lod.opentransportdata.swiss/didok/8508213
Dietikon;8503508.0;47.4033744108, 8.39933086639;http://lod.opentransportdata.swiss/didok/8503508
le Day;8501104.0;46.7091217509, 6.3721840695;http://lod.opentransportdata.swiss/didok/8501104
Kurzrickenbach Seepark;8506119.0;47.6411934953, 9.17396510841;http://lod.opentransportdata.swiss/didok/8506119
Kerzers Papiliorama;8516444.0;46.9825251581, 7.19964088928;http://lod.opentransportdata.swiss/didok/8516444
Kölliken Oberdorf;8502122.0;47.3349464028, 8.02198254078;http://lod.opentransportdata.swiss/didok/8502122
Hünenberg Zythus;8515996.0;47.1923249132, 8.42121643987;http://lod.opentransportdata.swiss/didok/8515996
Kaiseraugst;8500300.0;47.5375575845, 7.74307503481;http://lod.opentransportdata.swiss/didok/8500300
Langwiesen;8503426.0;47.6871564948, 8.65282927166;http://lod.opentransportdata.swiss/didok/8503426
Kempraten;8503112.0;47.2300252153, 8.85584994139;http://lod.opentransportdata.swiss/didok/8503112
Kempten;8503300.0;47.3257378629, 8.80579656897;http://lod.opentransportdata.swiss/didok/8503300
Jona;8503120.0;47.2300252153, 8.85584994139;http://lod.opentransportdata.swiss/didok/8503120
Jestetten;8503421.0;;http://lod.opentransportdata.swiss/didok/8503421
Le Crêt-du-Locle;8504315.0;47.1115126997, 6.83428620291;http://lod.opentransportdata.swiss/didok/8504315
Creux-de-Genthod;8501012.0;46.2648450406, 6.16253985782;http://lod.opentransportdata.swiss/didok/8501012
Cham Alpenblick;8515995.0;47.2006432766, 8.44952483663;http://lod.opentransportdata.swiss/didok/8515995
Brittnau-Wikon;8502002.0;47.2690673624, 7.98005518217;http://lod.opentransportdata.swiss/didok/8502002
Corgémont;8504305.0;47.1923448821, 7.13953624621;http://lod.opentransportdata.swiss/didok/8504305
Courchavon;8500141.0;47.439617221, 7.04722479323;http://lod.opentransportdata.swiss/didok/8500141
Cadenazzo;8505404.0;46.1477904383, 8.95114466443;http://lod.opentransportdata.swiss/didok/8505404
Dachsen;8506049.0;47.6618059228, 8.62579669319;http://lod.opentransportdata.swiss/didok/8506049
Concise;8504203.0;;http://lod.opentransportdata.swiss/didok/8504203
Cully;8501124.0;;http://lod.opentransportdata.swiss/didok/8501124
Linthal Braunwaldbahn;8503240.0;46.9284024802, 9.07907929418;http://lod.opentransportdata.swiss/didok/8503240
Läufelfingen;8500035.0;47.394986741, 7.85676216558;http://lod.opentransportdata.swiss/didok/8500035
Léchelles;8504137.0;46.8499305214, 7.01506969048;http://lod.opentransportdata.swiss/didok/8504137
Liestal;8500023.0;47.4867978791, 7.72668362483;http://lod.opentransportdata.swiss/didok/8500023
Linthal;8503239.0;46.9284024802, 9.07907929418;http://lod.opentransportdata.swiss/didok/8503239
Lausen;8500024.0;47.4719588583, 7.76657724847;http://lod.opentransportdata.swiss/didok/8500024
Littau;8508219.0;47.0562397859, 8.29182679396;http://lod.opentransportdata.swiss/didok/8508219
Les Hauts-Geneveys;8504237.0;47.0603310326, 6.91396203545;http://lod.opentransportdata.swiss/didok/8504237
Granges-Marnand;8504122.0;46.7638957436, 6.84992889656;http://lod.opentransportdata.swiss/didok/8504122
Hindelbank;8508003.0;47.0431101345, 7.54421004481;http://lod.opentransportdata.swiss/didok/8508003
Grellingen;8500115.0;47.4403535382, 7.58762713899;http://lod.opentransportdata.swiss/didok/8500115
Giubiasco;8505214.0;46.1737589267, 9.00198929487;http://lod.opentransportdata.swiss/didok/8505214
Glattbrugg;8503310.0;47.4315360705, 8.5730568092;http://lod.opentransportdata.swiss/didok/8503310
Grandvaux;8504011.0;46.5025110916, 6.73118277288;http://lod.opentransportdata.swiss/didok/8504011
Gordola;8505402.0;46.1894566199, 8.86475946766;http://lod.opentransportdata.swiss/didok/8505402
Faido;8505204.0;46.4501173801, 8.81812612448;http://lod.opentransportdata.swiss/didok/8505204
Frick;8500305.0;47.5110718686, 8.0152169003;http://lod.opentransportdata.swiss/didok/8500305
Baldegg Kloster;8516353.0;47.1657574261, 8.29172354409;http://lod.opentransportdata.swiss/didok/8516353
Basel Dreispitz;8500136.0;47.5591452444, 7.59458004936;http://lod.opentransportdata.swiss/didok/8500136
Bischofszell Nord;8506215.0;47.4970335495, 9.21705998696;http://lod.opentransportdata.swiss/didok/8506215
Basel St. Jakob;8500038.0;47.5591452444, 7.59458004936;http://lod.opentransportdata.swiss/didok/8500038
Belfaux CFF;8504139.0;46.8266897367, 7.09070111608;http://lod.opentransportdata.swiss/didok/8504139
Bevaix;8504206.0;46.9324610358, 6.80503325156;http://lod.opentransportdata.swiss/didok/8504206
Boudry;8504208.0;46.9543970789, 6.80874847314;http://lod.opentransportdata.swiss/didok/8504208
Bargen;8504403.0;47.0375126401, 7.24556892332;http://lod.opentransportdata.swiss/didok/8504403
Brig;8501609.0;46.2895968118, 7.97996640051;http://lod.opentransportdata.swiss/didok/8501609
Bex;8501402.0;46.2568479022, 7.08993091534;http://lod.opentransportdata.swiss/didok/8501402
le Locle-Col-des-Roches;8504317.0;47.0545148634, 6.74903499138;http://lod.opentransportdata.swiss/didok/8504317
Lonay-Préverenges;8501048.0;46.5311465557, 6.51781817443;http://lod.opentransportdata.swiss/didok/8501048
le Locle;8504316.0;47.0545148634, 6.74903499138;http://lod.opentransportdata.swiss/didok/8504316
Maienfeld;8509003.0;47.0284318179, 9.56386439587;http://lod.opentransportdata.swiss/didok/8509003
Malters;8508218.0;47.0441725399, 8.19120597048;http://lod.opentransportdata.swiss/didok/8508218
Mammern;8506137.0;47.6426095404, 8.92015367706;http://lod.opentransportdata.swiss/didok/8506137
Matran;8504029.0;46.7851932921, 7.09179130246;http://lod.opentransportdata.swiss/didok/8504029
Münsterlingen-Scherzingen;8506126.0;47.6268327234, 9.23681841416;http://lod.opentransportdata.swiss/didok/8506126
Oberentfelden;8502102.0;47.3555743101, 8.0423083671;http://lod.opentransportdata.swiss/didok/8502102
Murten/Morat;8504128.0;46.9277903806, 7.14793832026;http://lod.opentransportdata.swiss/didok/8504128
Murgenthal;8508102.0;47.2593782179, 7.85615460169;http://lod.opentransportdata.swiss/didok/8508102
Münsingen;8507006.0;46.88273057, 7.57160289211;http://lod.opentransportdata.swiss/didok/8507006
Monthey;8501421.0;46.2467091645, 6.94856540256;http://lod.opentransportdata.swiss/didok/8501421
Muttenz;8500020.0;47.5262386939, 7.65002525926;http://lod.opentransportdata.swiss/didok/8500020
Meggen;8505001.0;47.0462343068, 8.37544923629;http://lod.opentransportdata.swiss/didok/8505001
Mumpf;8500303.0;47.5464701083, 7.91451141622;http://lod.opentransportdata.swiss/didok/8500303
Mols;8509415.0;47.0913830538, 9.22417331506;http://lod.opentransportdata.swiss/didok/8509415
Oberwinterthur;8506016.0;47.4981247953, 8.73533711725;http://lod.opentransportdata.swiss/didok/8506016
Otelfingen;8503528.0;47.4657941507, 8.39109438881;http://lod.opentransportdata.swiss/didok/8503528
Quartino;8505405.0;46.1237357367, 8.83341740326;http://lod.opentransportdata.swiss/didok/8505405
Pfungen;8506042.0;47.5125645202, 8.64364122745;http://lod.opentransportdata.swiss/didok/8506042
Pratteln;8500021.0;47.5198794834, 7.6937147722;http://lod.opentransportdata.swiss/didok/8500021
Olten;8500218.0;47.3462406235, 7.90120042243;http://lod.opentransportdata.swiss/didok/8500218
Raron;8501604.0;46.3442314447, 7.82820899405;http://lod.opentransportdata.swiss/didok/8501604
Affoltern am Albis;8502224.0;47.2830202628, 8.45141544917;http://lod.opentransportdata.swiss/didok/8502224
Aarburg-Oftringen;8502000.0;47.3255445374, 7.90839521009;http://lod.opentransportdata.swiss/didok/8502000
Arth-Goldau;8505004.0;47.0585475913, 8.52866344285;http://lod.opentransportdata.swiss/didok/8505004
Altendorf;8503211.0;47.1776295859, 8.82895197771;http://lod.opentransportdata.swiss/didok/8503211
Bad Zurzach;8503409.0;47.5872909291, 8.29304883783;http://lod.opentransportdata.swiss/didok/8503409
Amriswil;8506109.0;47.5441632871, 9.28837002301;http://lod.opentransportdata.swiss/didok/8506109
Bad Ragaz;8509004.0;46.9981210344, 9.47458240818;http://lod.opentransportdata.swiss/didok/8509004
Aigle;8501400.0;46.3162766455, 6.97336374511;http://lod.opentransportdata.swiss/didok/8501400
Reuchenette-Péry;8504302.0;47.1969872553, 7.24882537292;http://lod.opentransportdata.swiss/didok/8504302
Rivera-Bironico;8505216.0;46.1143896831, 8.92343891567;http://lod.opentransportdata.swiss/didok/8505216
Roggwil-Wynau;8508101.0;47.2379509012, 7.8192387655;http://lod.opentransportdata.swiss/didok/8508101
S. Antonino;8505415.0;46.1544663591, 8.97473790707;http://lod.opentransportdata.swiss/didok/8505415
Rothenburg;8502020.0;47.1060693688, 8.26459602598;http://lod.opentransportdata.swiss/didok/8502020
Renens VD;8501118.0;46.5294449994, 6.57706193095;http://lod.opentransportdata.swiss/didok/8501118
Rietheim;8503410.0;47.6042909278, 8.27499955109;http://lod.opentransportdata.swiss/didok/8503410
Renan BE;8504312.0;47.1119915402, 6.90420370102;http://lod.opentransportdata.swiss/didok/8504312
Salgesch;8501600.0;46.3146525295, 7.5757152896;http://lod.opentransportdata.swiss/didok/8501600
Root D4;8515997.0;47.1126370619, 8.38963320804;http://lod.opentransportdata.swiss/didok/8515997
Schloss Laufen am Rheinfall;8506039.0;47.6716525615, 8.64463798298;http://lod.opentransportdata.swiss/didok/8506039
le Landeron;8504225.0;47.0656824684, 7.05839266856;http://lod.opentransportdata.swiss/didok/8504225
Kaltbrunn;8503117.0;47.2113530548, 9.05028847428;http://lod.opentransportdata.swiss/didok/8503117
Klingnau;8516176.0;47.5900233737, 8.25176976719;http://lod.opentransportdata.swiss/didok/8516176
Koblenz;8500329.0;47.6057814303, 8.24584097299;http://lod.opentransportdata.swiss/didok/8500329
Kradolf;8506216.0;47.5194538559, 9.18048539651;http://lod.opentransportdata.swiss/didok/8506216
Küsnacht Goldbach;8503141.0;;http://lod.opentransportdata.swiss/didok/8503141
Cossonay-Penthalaz;8501115.0;46.6140536834, 6.52990921625;http://lod.opentransportdata.swiss/didok/8501115
Chexbres-Village;8504013.0;46.4856029965, 6.78091989998;http://lod.opentransportdata.swiss/didok/8504013
Conversion, La;8504010.0;46.5096178877, 6.67445684696;http://lod.opentransportdata.swiss/didok/8504010
Colombier;8504209.0;46.9721939073, 6.85719222157;http://lod.opentransportdata.swiss/didok/8504209
Collombey;8501422.0;46.2813100013, 6.91186065055;http://lod.opentransportdata.swiss/didok/8501422
Clarens;8501203.0;46.4530240461, 6.94159049467;http://lod.opentransportdata.swiss/didok/8501203
Chiasso;8505307.0;45.8299831345, 9.01771896965;http://lod.opentransportdata.swiss/didok/8505307
Coppet;8501023.0;46.3225904898, 6.18981504312;http://lod.opentransportdata.swiss/didok/8501023
Chur;8509000.0;46.8534076304, 9.53093302125;http://lod.opentransportdata.swiss/didok/8509000
Corseaux-Cornalles;8504040.0;;http://lod.opentransportdata.swiss/didok/8504040
Luchsingen-Hätzingen;8503236.0;46.9284024802, 9.07907929418;http://lod.opentransportdata.swiss/didok/8503236
Mendrisio S. Martino;8518475.0;45.8864221989, 8.96919973893;http://lod.opentransportdata.swiss/didok/8518475
Malleray-Bévilard;8500102.0;47.2390802513, 7.27134656092;http://lod.opentransportdata.swiss/didok/8500102
Maroggia-Melano;8505303.0;45.9377022331, 8.97230477763;http://lod.opentransportdata.swiss/didok/8505303
Magadino-Vira;8505406.0;46.1237357367, 8.83341740326;http://lod.opentransportdata.swiss/didok/8505406
Lenzburg;8502119.0;47.3869018981, 8.18158390584;http://lod.opentransportdata.swiss/didok/8502119
Mendrisio;8505305.0;45.8864221989, 8.96919973893;http://lod.opentransportdata.swiss/didok/8505305
Moreillon;8504007.0;46.5105029505, 6.78791287004;http://lod.opentransportdata.swiss/didok/8504007
Mitlödi;8503232.0;46.9284024802, 9.07907929418;http://lod.opentransportdata.swiss/didok/8503232
Morges;8501037.0;46.5152789615, 6.49400137708;http://lod.opentransportdata.swiss/didok/8501037
La Neuveville;8504226.0;47.0776201419, 7.15861612938;http://lod.opentransportdata.swiss/didok/8504226
Mörschwil;8506304.0;47.4689428161, 9.42742281978;http://lod.opentransportdata.swiss/didok/8506304
Mühlehorn;8509418.0;47.1016776074, 9.06983670873;http://lod.opentransportdata.swiss/didok/8509418
Oberriet;8509400.0;47.3362551272, 9.56484260076;http://lod.opentransportdata.swiss/didok/8509400
Oberaach;8506108.0;47.5441632871, 9.28837002301;http://lod.opentransportdata.swiss/didok/8506108
Ossingen;8506023.0;47.6142233056, 8.7222709596;http://lod.opentransportdata.swiss/didok/8506023
Nebikon;8502005.0;47.1927935177, 7.98116787139;http://lod.opentransportdata.swiss/didok/8502005
Mosen;8502029.0;47.2432244391, 8.22809770396;http://lod.opentransportdata.swiss/didok/8502029
Morges-St-Jean;8501047.0;;http://lod.opentransportdata.swiss/didok/8501047
le Pont;8501100.0;;http://lod.opentransportdata.swiss/didok/8501100
Pontenet;8500135.0;47.2390802513, 7.27134656092;http://lod.opentransportdata.swiss/didok/8500135
Bern Wankdorf;8516161.0;46.9489028306, 7.40730463004;http://lod.opentransportdata.swiss/didok/8516161
Bassecourt;8500122.0;47.3198431124, 7.24313447644;http://lod.opentransportdata.swiss/didok/8500122
Baar Neufeld;8515992.0;47.1967942026, 8.5381431962;http://lod.opentransportdata.swiss/didok/8515992
Bettlach;8500203.0;47.209899726, 7.41985191033;http://lod.opentransportdata.swiss/didok/8500203
Altdorf;8505113.0;46.8896282978, 8.64213006603;http://lod.opentransportdata.swiss/didok/8505113
Balerna;8505306.0;45.8442597018, 9.00899649084;http://lod.opentransportdata.swiss/didok/8505306
Altnau;8506125.0;47.6087337156, 9.26252171108;http://lod.opentransportdata.swiss/didok/8506125
Benken;8503118.0;47.193718571, 8.99687649714;http://lod.opentransportdata.swiss/didok/8503118
Berg;8506194.0;47.5809109986, 9.17088320695;http://lod.opentransportdata.swiss/didok/8506194
Baar;8502206.0;47.1967942026, 8.5381431962;http://lod.opentransportdata.swiss/didok/8502206
Rickenbach-Attikon;8506018.0;47.5300356255, 8.8165835176;http://lod.opentransportdata.swiss/didok/8506018
Rebstein-Marbach;8506318.0;47.3877297072, 9.58046314945;http://lod.opentransportdata.swiss/didok/8506318
Rämismühle-Zell;8506006.0;47.45226946, 8.81000523736;http://lod.opentransportdata.swiss/didok/8506006
Reconvilier;8500101.0;47.228034023, 7.22385179896;http://lod.opentransportdata.swiss/didok/8500101
Reichenburg;8503223.0;47.162308559, 8.97448472468;http://lod.opentransportdata.swiss/didok/8503223
Romanshorn;8506121.0;47.5649951233, 9.3581419527;http://lod.opentransportdata.swiss/didok/8506121
Richterswil;8503207.0;;http://lod.opentransportdata.swiss/didok/8503207
Rümikon AG;8503415.0;47.5657350045, 8.38168055029;http://lod.opentransportdata.swiss/didok/8503415
Schinznach Bad;8502116.0;47.45522003, 8.1697835415;http://lod.opentransportdata.swiss/didok/8502116
Schlieren;8503509.0;47.3963485547, 8.44995126206;http://lod.opentransportdata.swiss/didok/8503509
S. Nazzaro;8505407.0;46.1237357367, 8.83341740326;http://lod.opentransportdata.swiss/didok/8505407
Rotkreuz;8502202.0;47.1438775904, 8.45306253431;http://lod.opentransportdata.swiss/didok/8502202
Schänis;8503119.0;47.1740460239, 9.06796975243;http://lod.opentransportdata.swiss/didok/8503119
Riazzino;8505412.0;46.1646230994, 8.8806940588;http://lod.opentransportdata.swiss/didok/8505412
Rothrist;8508103.0;47.299730867, 7.88636399438;http://lod.opentransportdata.swiss/didok/8508103
Rivaz;8501126.0;46.4522518449, 6.57884375065;http://lod.opentransportdata.swiss/didok/8501126
Sennhof-Kyburg;8506003.0;47.4981247953, 8.73533711725;http://lod.opentransportdata.swiss/didok/8506003
Schönenwerd SO;8502112.0;47.374532445, 8.01054920338;http://lod.opentransportdata.swiss/didok/8502112
Siebnen-Wangen;8503221.0;47.1991967623, 8.8905034125;http://lod.opentransportdata.swiss/didok/8503221
Sitterdorf;8506214.0;47.5153761869, 9.26898593746;http://lod.opentransportdata.swiss/didok/8506214
Solothurn;8500207.0;47.2096905323, 7.53101749712;http://lod.opentransportdata.swiss/didok/8500207
Sommerau;8500032.0;47.4313779178, 7.84029730476;http://lod.opentransportdata.swiss/didok/8500032
Seuzach;8506020.0;47.5356360102, 8.72726033046;http://lod.opentransportdata.swiss/didok/8506020
Sevelen;8509406.0;47.1310038871, 9.45969119858;http://lod.opentransportdata.swiss/didok/8509406
Signau;8508205.0;46.9168073784, 7.73979268259;http://lod.opentransportdata.swiss/didok/8508205
Sisikon;8505111.0;46.9370759885, 8.6526271451;http://lod.opentransportdata.swiss/didok/8505111
Urdorf Weihermatt;8502229.0;47.3812109711, 8.42351059265;http://lod.opentransportdata.swiss/didok/8502229
Wangen bei Olten;8500216.0;47.3434676122, 7.87262876323;http://lod.opentransportdata.swiss/didok/8500216
Veytaux-Chillon;8501302.0;46.4522518449, 6.57884375065;http://lod.opentransportdata.swiss/didok/8501302
Triboltingen;8506118.0;47.6575201556, 9.09299563233;http://lod.opentransportdata.swiss/didok/8506118
Walenstadt;8509414.0;47.127200446, 9.32774062139;http://lod.opentransportdata.swiss/didok/8509414
Vauderens;8504021.0;46.6350730747, 6.84680792983;http://lod.opentransportdata.swiss/didok/8504021
Walchwil;8502205.0;47.1088939684, 8.52943404276;http://lod.opentransportdata.swiss/didok/8502205
Uttigen;8507009.0;46.7962915882, 7.57418119877;http://lod.opentransportdata.swiss/didok/8507009
Urdorf;8502220.0;47.3812109711, 8.42351059265;http://lod.opentransportdata.swiss/didok/8502220
Turgi;8503503.0;47.4892796608, 8.25980157232;http://lod.opentransportdata.swiss/didok/8503503
Thörishaus Station;8504104.0;46.9056189406, 7.39874399407;http://lod.opentransportdata.swiss/didok/8504104
St. Gallen Winkeln;8506300.0;47.4234963687, 9.37681682238;http://lod.opentransportdata.swiss/didok/8506300
Sonceboz-Sombeval;8504304.0;47.192863094, 7.17939381282;http://lod.opentransportdata.swiss/didok/8504304
St-Ursanne;8500124.0;47.3523315123, 7.12157229304;http://lod.opentransportdata.swiss/didok/8500124
St-Maurice;8501403.0;46.1911950573, 6.99583362854;http://lod.opentransportdata.swiss/didok/8501403
Tavannes;8500100.0;47.2226788109, 7.18467516525;http://lod.opentransportdata.swiss/didok/8500100
Tenero;8505401.0;46.1800008612, 8.84495288279;http://lod.opentransportdata.swiss/didok/8505401
Steg;8503135.0;47.3379908168, 8.94245229382;http://lod.opentransportdata.swiss/didok/8503135
St-Léonard;8501507.0;;http://lod.opentransportdata.swiss/didok/8501507
Stäfa;8503107.0;;http://lod.opentransportdata.swiss/didok/8503107
Winterthur Grüze;8506001.0;47.4981247953, 8.73533711725;http://lod.opentransportdata.swiss/didok/8506001
Winterthur Hegi;8516218.0;47.4981247953, 8.73533711725;http://lod.opentransportdata.swiss/didok/8516218
Ziegelbrücke;8503225.0;47.1016776074, 9.06983670873;http://lod.opentransportdata.swiss/didok/8503225
Wiesendangen;8506017.0;47.5300356255, 8.8165835176;http://lod.opentransportdata.swiss/didok/8506017
Wichtrach;8507007.0;46.8466146032, 7.58041952328;http://lod.opentransportdata.swiss/didok/8507007
Wünnewil;8504113.0;46.8783065135, 7.28649737768;http://lod.opentransportdata.swiss/didok/8504113
Wohlen;8502213.0;47.3546632202, 8.28179451135;http://lod.opentransportdata.swiss/didok/8502213
Wila;8506008.0;47.4103928701, 8.8619647353;http://lod.opentransportdata.swiss/didok/8506008
Wil;8506206.0;47.4757171459, 9.05175005031;http://lod.opentransportdata.swiss/didok/8506206
Winkel am Zürichsee;8503111.0;;http://lod.opentransportdata.swiss/didok/8503111
Arbon Seemoosriet;8516270.0;47.5166976892, 9.42040782685;http://lod.opentransportdata.swiss/didok/8516270
Bassersdorf;8503307.0;47.4417546422, 8.63158482861;http://lod.opentransportdata.swiss/didok/8503307
Berlingen;8506135.0;47.6680551168, 9.02866939178;http://lod.opentransportdata.swiss/didok/8506135
Allaman;8501035.0;46.4713156783, 6.39467803859;http://lod.opentransportdata.swiss/didok/8501035
Bellach;8500205.0;47.2118312919, 7.49669470545;http://lod.opentransportdata.swiss/didok/8500205
Baldegg;8502025.0;47.1657574261, 8.29172354409;http://lod.opentransportdata.swiss/didok/8502025
Aathal;8503124.0;47.3431237952, 8.76881631075;http://lod.opentransportdata.swiss/didok/8503124
Arnex;8501107.0;46.6912924354, 6.51765105229;http://lod.opentransportdata.swiss/didok/8501107
Chénens;8504025.0;46.7445150028, 6.99750074512;http://lod.opentransportdata.swiss/didok/8504025
Burgdorf;8508005.0;47.055014183, 7.62009022169;http://lod.opentransportdata.swiss/didok/8508005
Buckten;8500034.0;47.4133606839, 7.84768796269;http://lod.opentransportdata.swiss/didok/8500034
Buix;8500144.0;47.4719077244, 7.04335744671;http://lod.opentransportdata.swiss/didok/8500144
Bern Europaplatz Nord;8504108.0;46.9489028306, 7.40730463004;http://lod.opentransportdata.swiss/didok/8504108
Benzenschwil;8502216.0;47.2611323653, 8.38135533174;http://lod.opentransportdata.swiss/didok/8502216
Biel/Bienne;8504300.0;47.1505375233, 7.26202618686;http://lod.opentransportdata.swiss/didok/8504300
Bottighofen;8506127.0;47.6348720463, 9.21130857201;http://lod.opentransportdata.swiss/didok/8506127
Bossière;8504003.0;46.5162706462, 6.69972645231;http://lod.opentransportdata.swiss/didok/8504003
Bazenheid;8506205.0;47.4095997342, 9.02715599016;http://lod.opentransportdata.swiss/didok/8506205
Boniswil;8502032.0;47.3130507725, 8.19330933091;http://lod.opentransportdata.swiss/didok/8502032
Bouveret;8501426.0;46.3700118758, 6.85897166691;http://lod.opentransportdata.swiss/didok/8501426
Biel Mett;8504419.0;47.1505375233, 7.26202618686;http://lod.opentransportdata.swiss/didok/8504419
Birrwil;8502033.0;47.2932730149, 8.19916845867;http://lod.opentransportdata.swiss/didok/8502033
Rothenburg Dorf;8502012.0;47.0879044211, 8.28731356998;http://lod.opentransportdata.swiss/didok/8502012
Rupperswil;8502114.0;47.4051985629, 8.13274805943;http://lod.opentransportdata.swiss/didok/8502114
Rümlingen;8500033.0;47.4284982773, 7.85774279774;http://lod.opentransportdata.swiss/didok/8500033
Rümlang;8503311.0;47.4485116387, 8.53050378585;http://lod.opentransportdata.swiss/didok/8503311
Rubigen;8507005.0;46.9010192487, 7.54584117532;http://lod.opentransportdata.swiss/didok/8507005
Otelfingen Golfpark;8503525.0;47.4657941507, 8.39109438881;http://lod.opentransportdata.swiss/didok/8503525
Palézieux-Village;8504016.0;46.5599590996, 6.83301277824;http://lod.opentransportdata.swiss/didok/8504016
Ranzo-S. Abbondio;8505408.0;46.1237357367, 8.83341740326;http://lod.opentransportdata.swiss/didok/8505408
Puidoux-Chexbres;8504012.0;46.5105029505, 6.78791287004;http://lod.opentransportdata.swiss/didok/8504012
Regensdorf-Watt;8503526.0;47.4412502165, 8.47245215352;http://lod.opentransportdata.swiss/didok/8503526
Rorschach Stadt;8506322.0;47.4769943127, 9.49622954985;http://lod.opentransportdata.swiss/didok/8506322
Othmarsingen;8502105.0;47.4029245685, 8.21575012513;http://lod.opentransportdata.swiss/didok/8502105
Prilly-Malley;8518452.0;46.5401609647, 6.60581622636;http://lod.opentransportdata.swiss/didok/8518452
Rheineck;8506313.0;47.4713857017, 9.58469650135;http://lod.opentransportdata.swiss/didok/8506313
Rikon;8506005.0;47.45226946, 8.81000523736;http://lod.opentransportdata.swiss/didok/8506005
Schübelbach-Buttikon;8503222.0;47.1561908384, 8.93448393227;http://lod.opentransportdata.swiss/didok/8503222
Schönbühl SBB;8508001.0;47.0236053963, 7.50068527892;http://lod.opentransportdata.swiss/didok/8508001
Sierre/Siders;8501509.0;46.2795512788, 7.51680279404;http://lod.opentransportdata.swiss/didok/8501509
Schmerikon;8503115.0;47.2259075407, 8.94315005245;http://lod.opentransportdata.swiss/didok/8503115
Schottikon;8506035.0;47.5039622463, 8.80910350218;http://lod.opentransportdata.swiss/didok/8506035
Siviriez;8504022.0;46.6534688071, 6.88716097074;http://lod.opentransportdata.swiss/didok/8504022
Schlatt;8503427.0;47.6685078694, 8.69997587705;http://lod.opentransportdata.swiss/didok/8503427
St. Margrethen;8506314.0;47.4546344119, 9.62729136196;http://lod.opentransportdata.swiss/didok/8506314
Steinhausen;8502227.0;47.1998996751, 8.48829366677;http://lod.opentransportdata.swiss/didok/8502227
Tägerschen;8506168.0;47.5135113432, 9.0397193701;http://lod.opentransportdata.swiss/didok/8506168
St-Saphorin;8501127.0;46.4522518449, 6.57884375065;http://lod.opentransportdata.swiss/didok/8501127
Studen BE;8504441.0;47.1139227716, 7.30372732297;http://lod.opentransportdata.swiss/didok/8504441
Sorvilier;8500103.0;47.2328237245, 7.30855218914;http://lod.opentransportdata.swiss/didok/8500103
Steckborn;8506136.0;47.6596356079, 8.99169977321;http://lod.opentransportdata.swiss/didok/8506136
Stabio;8517519.0;45.8487964969, 8.93408632942;http://lod.opentransportdata.swiss/didok/8517519
Altstätten SG;8506319.0;47.3703517022, 9.54416534347;http://lod.opentransportdata.swiss/didok/8506319
Andelfingen;8506047.0;47.5942162617, 8.67660977477;http://lod.opentransportdata.swiss/didok/8506047
Arbon;8506308.0;47.5166976892, 9.42040782685;http://lod.opentransportdata.swiss/didok/8506308
Tägerwilen-Gottlieben;8506132.0;47.6493086425, 9.13334814682;http://lod.opentransportdata.swiss/didok/8506132
Tägerwilen Dorf;8506198.0;47.6493086425, 9.13334814682;http://lod.opentransportdata.swiss/didok/8506198
Thalheim-Altikon;8506022.0;47.5591691113, 8.76424101248;http://lod.opentransportdata.swiss/didok/8506022
Trubschachen;8508208.0;46.9097994452, 7.83789309417;http://lod.opentransportdata.swiss/didok/8508208
Les Tuileries;8501011.0;46.255912079, 6.14603212348;http://lod.opentransportdata.swiss/didok/8501011
Turbenthal;8506007.0;47.4188969253, 8.82736804046;http://lod.opentransportdata.swiss/didok/8506007
Tägertschi;8508201.0;46.88273057, 7.57160289211;http://lod.opentransportdata.swiss/didok/8508201
Turtmann;8501602.0;46.3007691571, 7.70945422851;http://lod.opentransportdata.swiss/didok/8501602
Uetikon;8503105.0;47.2586380292, 8.66459588826;http://lod.opentransportdata.swiss/didok/8503105
Uerikon;8503108.0;;http://lod.opentransportdata.swiss/didok/8503108
Yverdon-les-Bains;8504200.0;46.7719409053, 6.63815124358;http://lod.opentransportdata.swiss/didok/8504200
Winterthur Seen;8506002.0;47.4981247953, 8.73533711725;http://lod.opentransportdata.swiss/didok/8506002
Werthenstein;8508216.0;47.078828135, 8.13695374646;http://lod.opentransportdata.swiss/didok/8508216
Villette VD;8501123.0;46.4522518449, 6.57884375065;http://lod.opentransportdata.swiss/didok/8501123
Vaumarcus;8504204.0;46.8772862223, 6.74756120666;http://lod.opentransportdata.swiss/didok/8504204
Wynigen;8508006.0;47.1052282606, 7.69291912553;http://lod.opentransportdata.swiss/didok/8508006
Uznach;8503116.0;47.2278428841, 8.98256115238;http://lod.opentransportdata.swiss/didok/8503116
Wolhusen;8508215.0;;http://lod.opentransportdata.swiss/didok/8508215
Vionnaz;8501423.0;;http://lod.opentransportdata.swiss/didok/8501423
Wauwil;8502006.0;;http://lod.opentransportdata.swiss/didok/8502006
Zürich Altstetten;8503001.0;47.3827805142, 8.53249635497;http://lod.opentransportdata.swiss/didok/8503001
Zürich Wipkingen;8503015.0;47.3827805142, 8.53249635497;http://lod.opentransportdata.swiss/didok/8503015
Zug Chollermüli;8502230.0;47.1543542227, 8.51187149426;http://lod.opentransportdata.swiss/didok/8502230
Zürich Wiedikon;8503011.0;47.3827805142, 8.53249635497;http://lod.opentransportdata.swiss/didok/8503011
Zug Postplatz;8502300.0;47.1543542227, 8.51187149426;http://lod.opentransportdata.swiss/didok/8502300
Zug Casino;8517527.0;47.1543542227, 8.51187149426;http://lod.opentransportdata.swiss/didok/8517527
Zürich HB;8503000.0;47.3827805142, 8.53249635497;http://lod.opentransportdata.swiss/didok/8503000
Zweidlen;8503405.0;47.5614225231, 8.49749684492;http://lod.opentransportdata.swiss/didok/8503405
Riddes;8501503.0;46.1442458428, 7.2389795088;http://lod.opentransportdata.swiss/didok/8501503
Rafz;8503404.0;47.6145122489, 8.54465380872;http://lod.opentransportdata.swiss/didok/8503404
Rorschach Hafen;8506306.0;47.4769943127, 9.49622954985;http://lod.opentransportdata.swiss/didok/8506306
Schachen LU;8508217.0;47.0383067929, 8.10868504379;http://lod.opentransportdata.swiss/didok/8508217
Schmitten;8504102.0;46.8498401985, 7.24721674617;http://lod.opentransportdata.swiss/didok/8504102
Schüpfen;8504412.0;47.0370835469, 7.37559665327;http://lod.opentransportdata.swiss/didok/8504412
Rüti ZH;8503121.0;47.2596294659, 8.86669329585;http://lod.opentransportdata.swiss/didok/8503121
Romont;8504023.0;46.7014265797, 6.91901542067;http://lod.opentransportdata.swiss/didok/8504023
Schwyz;8505006.0;47.0247872831, 8.67570600074;http://lod.opentransportdata.swiss/didok/8505006
Russin;8501002.0;46.1951127492, 6.01469568991;http://lod.opentransportdata.swiss/didok/8501002
Rolle;8501033.0;46.4587837726, 6.33249158656;http://lod.opentransportdata.swiss/didok/8501033
Rosé;8504028.0;46.7894060437, 7.06115584163;http://lod.opentransportdata.swiss/didok/8504028
Suberg-Grossaffoltern;8504413.0;47.0701953342, 7.35728332017;http://lod.opentransportdata.swiss/didok/8504413
Tobel-Affeltrangen;8506183.0;47.5135113432, 9.0397193701;http://lod.opentransportdata.swiss/didok/8506183
Steinmaur;8503316.0;47.4990988897, 8.44445670545;http://lod.opentransportdata.swiss/didok/8503316
Tecknau;8500028.0;47.4467932066, 7.89072048934;http://lod.opentransportdata.swiss/didok/8500028
Sulgen;8506217.0;47.5437183974, 9.19433324731;http://lod.opentransportdata.swiss/didok/8506217
Sursee;8502007.0;47.1562407366, 8.10800420369;http://lod.opentransportdata.swiss/didok/8502007
Thun;8507100.0;46.7478987583, 7.62319654498;http://lod.opentransportdata.swiss/didok/8507100
Trey;8504142.0;46.7761840159, 6.92409618154;http://lod.opentransportdata.swiss/didok/8504142
Wallisellen;8503129.0;47.4187468745, 8.59602399845;http://lod.opentransportdata.swiss/didok/8503129
Weinfelden;8506105.0;47.5711776571, 9.1131758477;http://lod.opentransportdata.swiss/didok/8506105
Vernayaz;8501405.0;46.1392211408, 7.03287605056;http://lod.opentransportdata.swiss/didok/8501405
Worb SBB;8508200.0;46.9285431606, 7.57172589045;http://lod.opentransportdata.swiss/didok/8508200
Vallorbe;8501103.0;46.7091217509, 6.3721840695;http://lod.opentransportdata.swiss/didok/8501103
Yvonand;8504130.0;46.7916560413, 6.73690153308;http://lod.opentransportdata.swiss/didok/8504130
Vernier;8501007.0;46.2119780617, 6.09537645209;http://lod.opentransportdata.swiss/didok/8501007
Uttwil;8506122.0;47.5784068513, 9.33923497006;http://lod.opentransportdata.swiss/didok/8506122
Visp;8501605.0;46.2925814487, 7.88232223998;http://lod.opentransportdata.swiss/didok/8501605
Twann;8504228.0;;http://lod.opentransportdata.swiss/didok/8504228
Zürich Stadelhofen;8503003.0;47.3827805142, 8.53249635497;http://lod.opentransportdata.swiss/didok/8503003
Zürich Oerlikon;8503006.0;47.3827805142, 8.53249635497;http://lod.opentransportdata.swiss/didok/8503006
Zürich Seebach;8503007.0;47.3827805142, 8.53249635497;http://lod.opentransportdata.swiss/didok/8503007
Zug Fridbach;8515994.0;47.1543542227, 8.51187149426;http://lod.opentransportdata.swiss/didok/8515994
Zimeysa;8501000.0;46.2153104823, 6.03752746924;http://lod.opentransportdata.swiss/didok/8501000
Zwingen;8500114.0;47.4373126996, 7.52882905425;http://lod.opentransportdata.swiss/didok/8500114
St. Gallen Bruggen;8506301.0;47.4234963687, 9.37681682238;http://lod.opentransportdata.swiss/didok/8506301
Solothurn Allmend;8518963.0;47.2096905323, 7.53101749712;http://lod.opentransportdata.swiss/didok/8518963
St. Erhard-Knutwil;8502010.0;47.1966196352, 8.0719582291;http://lod.opentransportdata.swiss/didok/8502010
St. Katharinental;8506148.0;47.6824140141, 8.74600439853;http://lod.opentransportdata.swiss/didok/8506148
Siegershausen;8506195.0;47.6093933536, 9.14252153542;http://lod.opentransportdata.swiss/didok/8506195
St. Gallen;8506302.0;47.4234963687, 9.37681682238;http://lod.opentransportdata.swiss/didok/8506302
Schwanden;8503233.0;46.9284024802, 9.07907929418;http://lod.opentransportdata.swiss/didok/8503233
Sins;8502218.0;47.1874261451, 8.37417706604;http://lod.opentransportdata.swiss/didok/8502218
Seon;8502030.0;47.3495548788, 8.15861617996;http://lod.opentransportdata.swiss/didok/8502030
Winterthur Wallrüti;8506038.0;47.4981247953, 8.73533711725;http://lod.opentransportdata.swiss/didok/8506038
Wangen an der Aare;8500210.0;47.232457069, 7.65114950792;http://lod.opentransportdata.swiss/didok/8500210
Zürich Hardbrücke;8503020.0;47.3827805142, 8.53249635497;http://lod.opentransportdata.swiss/didok/8503020
Zürich Flughafen;8503016.0;47.4593949887, 8.58640476384;http://lod.opentransportdata.swiss/didok/8503016
Zürich Affoltern;8503008.0;47.3827805142, 8.53249635497;http://lod.opentransportdata.swiss/didok/8503008
Wettingen;8503505.0;47.468169873, 8.34231337776;http://lod.opentransportdata.swiss/didok/8503505
Würenlos;8503529.0;47.4487089209, 8.36468972026;http://lod.opentransportdata.swiss/didok/8503529
Wetzikon;8503123.0;47.3257378629, 8.80579656897;http://lod.opentransportdata.swiss/didok/8503123
Wildegg;8502115.0;47.4178305964, 8.1871397783;http://lod.opentransportdata.swiss/didok/8502115
Zug;8502204.0;47.1543542227, 8.51187149426;http://lod.opentransportdata.swiss/didok/8502204
Villars-sur-Glâne;8504030.0;46.7956414643, 7.12605845464;http://lod.opentransportdata.swiss/didok/8504030
Walterswil-Striegel;8502121.0;47.3147414261, 7.94000510238;http://lod.opentransportdata.swiss/didok/8502121
Vufflens-la-Ville;8501116.0;46.576539257, 6.53831738149;http://lod.opentransportdata.swiss/didok/8501116
Unterterzen;8509416.0;47.0913830538, 9.22417331506;http://lod.opentransportdata.swiss/didok/8509416
Villeneuve;8501303.0;46.4075469481, 6.97385528546;http://lod.opentransportdata.swiss/didok/8501303
Versoix;8501022.0;46.2891576759, 6.15715347601;http://lod.opentransportdata.swiss/didok/8501022
Uster;8503125.0;47.3545411364, 8.72273220924;http://lod.opentransportdata.swiss/didok/8503125
Wald;8503138.0;47.2884118949, 8.92212156303;http://lod.opentransportdata.swiss/didok/8503138
Vevey-Funi;8504015.0;;http://lod.opentransportdata.swiss/didok/8504015
Tüscherz;8504229.0;;http://lod.opentransportdata.swiss/didok/8504229
Taverne-Torricella;8505218.0;46.0542681341, 8.91925982044;http://lod.opentransportdata.swiss/didok/8505218
Stein-Säckingen;8500320.0;47.54658875, 7.95381092084;http://lod.opentransportdata.swiss/didok/8500320
Stammheim;8506024.0;47.6484743006, 8.7908180344;http://lod.opentransportdata.swiss/didok/8506024
Stettbach;8503147.0;47.391896768, 8.61833927789;http://lod.opentransportdata.swiss/didok/8503147
Territet;8501301.0;46.4522518449, 6.57884375065;http://lod.opentransportdata.swiss/didok/8501301
Trimbach;8500037.0;47.3711034662, 7.89053680434;http://lod.opentransportdata.swiss/didok/8500037
Thalwil;8503202.0;47.2888491088, 8.56022370648;http://lod.opentransportdata.swiss/didok/8503202
Tannay;8501015.0;46.3124129321, 6.16712785112;http://lod.opentransportdata.swiss/didok/8501015
la Tour-de-Peilz;8501201.0;;http://lod.opentransportdata.swiss/didok/8501201
Thörishaus Dorf;8504115.0;;http://lod.opentransportdata.swiss/didok/8504115
Zürich Tiefenbrunnen;8503004.0;47.3827805142, 8.53249635497;http://lod.opentransportdata.swiss/didok/8503004
